<?xml version="1.0" encoding="UTF-8"?>
<component-set>
  <components>
  
    <component>
      <role>org.apache.maven.artifact.handler.ArtifactHandler</role>
      <role-hint>bwmodule</role-hint>
      <implementation>org.apache.maven.artifact.handler.DefaultArtifactHandler</implementation>
      <configuration>
        <type>bwmodule</type>
        <extension>jar</extension>
        <language>java</language>
        <packaging>bwmodule</packaging>        
      </configuration>
    </component>
    
    <component>
      <role>org.apache.maven.artifact.handler.ArtifactHandler</role>
      <role-hint>bwear</role-hint>
      <implementation>org.apache.maven.artifact.handler.DefaultArtifactHandler</implementation>
      <configuration>
        <type>bwear</type>
        <extension>ear</extension>
        <language>java</language>
        <packaging>bwear</packaging>        
      </configuration>
    </component>

    
    <component>
      <role>org.apache.maven.lifecycle.mapping.LifecycleMapping</role>
      <role-hint>bwmodule</role-hint>
      <implementation>org.apache.maven.lifecycle.mapping.DefaultLifecycleMapping</implementation>
      <configuration>
        <phases>
          <process-resources>org.apache.maven.plugins:maven-resources-plugin:resources</process-resources>          
          <compile>org.apache.maven.plugins:maven-compiler-plugin:compile</compile>
          <process-test-resources>org.apache.maven.plugins:maven-resources-plugin:testResources</process-test-resources>
          <test-compile>org.apache.maven.plugins:maven-compiler-plugin:testCompile</test-compile>
          <test>org.apache.maven.plugins:maven-surefire-plugin:test</test>
          <package>com.tibco.plugins:bw6-maven-plugin:bwmodule</package>
          <install>org.apache.maven.plugins:maven-install-plugin:install</install>
          <deploy>org.apache.maven.plugins:maven-deploy-plugin:deploy</deploy>
        </phases>
      </configuration>
    </component>
    
    
    <component>
      <role>org.apache.maven.lifecycle.mapping.LifecycleMapping</role>
      <role-hint>bwear</role-hint>
      <implementation>org.apache.maven.lifecycle.mapping.DefaultLifecycleMapping</implementation>
      <configuration>
        <phases>
          <process-resources>org.apache.maven.plugins:maven-resources-plugin:resources</process-resources>
          <compile>org.apache.maven.plugins:maven-compiler-plugin:compile</compile>
          <process-test-resources>org.apache.maven.plugins:maven-resources-plugin:testResources</process-test-resources>
          <test-compile>org.apache.maven.plugins:maven-compiler-plugin:testCompile</test-compile>
          <test>org.apache.maven.plugins:maven-surefire-plugin:test</test>
          <package>com.tibco.plugins:bw6-maven-plugin:bwear</package>
          <install>org.apache.maven.plugins:maven-install-plugin:install</install>
          <deploy>org.apache.maven.plugins:maven-deploy-plugin:deploy</deploy>
        </phases>
      </configuration>
    </component>
    
    <component>
		<role>org.apache.maven.AbstractMavenLifecycleParticipant</role>
		<implementation>
			com.tibco.bw.maven.plugin.lifecycle.BWProjectLifeCycleListener
		</implementation>
		<role-hint>default</role-hint>
		<isolated-realm>false</isolated-realm>
			<requirements>
			<requirement>
				<role>org.codehaus.plexus.logging.Logger</role>
				<role-hint>default</role-hint>
				<field-name>logger</field-name>
			</requirement>
		</requirements>
	</component>
    
  </components>
</component-set>