<?xml version="1.0" encoding="UTF-8"?>
<component-set>
  <components>
    <component>
      <role>org.apache.maven.artifact.handler.ArtifactHandler</role>
      <role-hint>bw-packager</role-hint>
      <implementation>org.apache.maven.artifact.handler.DefaultArtifactHandler</implementation>
      <configuration>
        <type>bwear</type>
        <extension>ear</extension>
        <language>java</language>
        <packaging>bwear</packaging>        
      </configuration>
    </component>
    <component>
      <role>org.apache.maven.lifecycle.mapping.LifecycleMapping</role>
      <role-hint>bw-archiver</role-hint>
      <implementation>org.apache.maven.lifecycle.mapping.DefaultLifecycleMapping</implementation>
      <configuration>
        <phases>
          <process-resources>org.apache.maven.plugins:maven-resources-plugin:resources</process-resources>
          <compile>org.apache.maven.plugins:maven-compiler-plugin:compile</compile>
          <process-test-resources>org.apache.maven.plugins:maven-resources-plugin:testResources</process-test-resources>
          <test-compile>org.apache.maven.plugins:maven-compiler-plugin:testCompile</test-compile>
          <test>org.apache.maven.plugins:maven-surefire-plugin:test</test>
          <package>com.tibco:bw.packager:bw-packager</package>
          <install>org.apache.maven.plugins:maven-install-plugin:install</install>
          <deploy>org.apache.maven.plugins:maven-deploy-plugin:deploy</deploy>
        </phases>
      </configuration>
    </component>
  </components>
</component-set>