{
  "swagger" : "2.0",
  "info" : {
    "version" : "1.0",
    "title" : "Resource",
    "description" : "Resource service"
  },
  "host" : "localhost:8087",
  "basePath" : "/",
  "schemes" : [ "http" ],
  "paths" : {
    "/resource" : {
      "post" : {
        "summary" : "postResource",
        "description" : "postResource",
        "operationId" : "post-resource",
        "consumes" : [ "application/json" ],
        "produces" : [ "application/json" ],
        "parameters" : [ {
          "name" : "body",
          "in" : "body",
          "description" : "",
          "schema" : {
            "$ref" : "#/definitions/Element"
          },
          "required" : true
        } ],
        "responses" : {
          "200" : {
            "description" : "a Element to be returned",
            "schema" : {
              "$ref" : "#/definitions/Element"
            }
          }
        }
      }
    }
  },
  "definitions" : {
    "Element" : {
      "type" : "object",
      "required" : [ "s.no" ],
      "properties" : {
        "s.no" : {
          "type" : "string"
        }
      }
    }
  }
}